-3,-3,6.6713e-05
-2.8776,-3,0.0001249
-2.7551,-3,0.00022533
-2.6327,-3,0.00039126
-2.5102,-3,0.0006529
-2.3878,-3,0.0010449
-2.2653,-3,0.0015995
-2.1429,-3,0.0023323
-2.0204,-3,0.0032201
-1.898,-3,0.0041691
-1.7755,-3,0.0049758
-1.6531,-3,0.0052879
-1.5306,-3,0.0045747
-1.4082,-3,0.002122
-1.2857,-3,-0.0029332
-1.1633,-3,-0.011515
-1.0408,-3,-0.024469
-0.91837,-3,-0.042378
-0.79592,-3,-0.065368
-0.67347,-3,-0.092938
-0.55102,-3,-0.12387
-0.42857,-3,-0.15627
-0.30612,-3,-0.1877
-0.18367,-3,-0.21549
-0.061224,-3,-0.23712
0.061224,-3,-0.25055
0.18367,-3,-0.25458
0.30612,-3,-0.24902
0.42857,-3,-0.23465
0.55102,-3,-0.21313
0.67347,-3,-0.18668
0.79592,-3,-0.15772
0.91837,-3,-0.12855
1.0408,-3,-0.10109
1.1633,-3,-0.076689
1.2857,-3,-0.056117
1.4082,-3,-0.039598
1.5306,-3,-0.026932
1.6531,-3,-0.017647
1.7755,-3,-0.01113
1.898,-3,-0.0067505
2.0204,-3,-0.0039313
2.1429,-3,-0.0021941
2.2653,-3,-0.0011704
2.3878,-3,-0.00059428
2.5102,-3,-0.00028553
2.6327,-3,-0.00012855
2.7551,-3,-5.3297e-05
2.8776,-3,-1.9641e-05
3,-3,-5.8642e-06
-3,-2.8776,0.00010291
-2.8776,-2.8776,0.00019247
-2.7551,-2.8776,0.0003467
-2.6327,-2.8776,0.00060069
-2.5102,-2.8776,0.00099942
-2.3878,-2.8776,0.0015932
-2.2653,-2.8776,0.0024255
-2.1429,-2.8776,0.0035104
-2.0204,-2.8776,0.004795
-1.898,-2.8776,0.0061084
-1.7755,-2.8776,0.0070992
-1.6531,-2.8776,0.0071725
-1.5306,-2.8776,0.0054442
-1.4082,-2.8776,0.00073591
-1.2857,-2.8776,-0.0083643
-1.1633,-2.8776,-0.023357
-1.0408,-2.8776,-0.045601
-0.91837,-2.8776,-0.076008
-0.79592,-2.8776,-0.11473
-0.67347,-2.8776,-0.16089
-0.55102,-2.8776,-0.21243
-0.42857,-2.8776,-0.26617
-0.30612,-2.8776,-0.31809
-0.18367,-2.8776,-0.36378
-0.061224,-2.8776,-0.39909
0.061224,-2.8776,-0.42069
0.18367,-2.8776,-0.42666
0.30612,-2.8776,-0.4167
0.42857,-2.8776,-0.39218
0.55102,-2.8776,-0.35587
0.67347,-2.8776,-0.31147
0.79592,-2.8776,-0.26299
0.91837,-2.8776,-0.21426
1.0408,-2.8776,-0.16842
1.1633,-2.8776,-0.12774
1.2857,-2.8776,-0.093457
1.4082,-2.8776,-0.06594
1.5306,-2.8776,-0.044849
1.6531,-2.8776,-0.029388
1.7755,-2.8776,-0.018538
1.898,-2.8776,-0.011245
2.0204,-2.8776,-0.0065501
2.1429,-2.8776,-0.0036568
2.2653,-2.8776,-0.0019512
2.3878,-2.8776,-0.0009912
2.5102,-2.8776,-0.00047649
2.6327,-2.8776,-0.00021466
2.7551,-2.8776,-8.9085e-05
2.8776,-2.8776,-3.288e-05
3,-2.8776,-9.8481e-06
-3,-2.7551,0.00015363
-2.8776,-2.7551,0.00028725
-2.7551,-2.7551,0.00051697
-2.6327,-2.7551,0.00089441
-2.5102,-2.7551,0.0014849
-2.3878,-2.7551,0.0023595
-2.2653,-2.7551,0.0035761
-2.1429,-2.7551,0.0051421
-2.0204,-2.7551,0.0069563
-1.898,-2.7551,0.0087284
-1.7755,-2.7551,0.0098813
-1.6531,-2.7551,0.0094543
-1.5306,-2.7551,0.0060332
-1.4082,-2.7551,-0.0022537
-1.2857,-2.7551,-0.017637
-1.1633,-2.7551,-0.042474
-1.0408,-2.7551,-0.07888
-0.91837,-2.7551,-0.12825
-0.79592,-2.7551,-0.19077
-0.67347,-2.7551,-0.26498
-0.55102,-2.7551,-0.34755
-0.42857,-2.7551,-0.43339
-0.30612,-2.7551,-0.51606
-0.18367,-2.7551,-0.58857
-0.061224,-2.7551,-0.6443
0.061224,-2.7551,-0.67804
0.18367,-2.7551,-0.68672
0.30612,-2.7551,-0.66996
0.42857,-2.7551,-0.62997
0.55102,-2.7551,-0.57123
0.67347,-2.7551,-0.49964
0.79592,-2.7551,-0.42165
0.91837,-2.7551,-0.34335
1.0408,-2.7551,-0.26979
1.1633,-2.7551,-0.20453
1.2857,-2.7551,-0.14958
1.4082,-2.7551,-0.10549
1.5306,-2.7551,-0.071715
1.6531,-2.7551,-0.046966
1.7755,-2.7551,-0.029606
1.898,-2.7551,-0.017944
2.0204,-2.7551,-0.010441
2.1429,-2.7551,-0.0058208
2.2653,-2.7551,-0.0031002
2.3878,-2.7551,-0.0015709
2.5102,-2.7551,-0.00075245
2.6327,-2.7551,-0.00033715
2.7551,-2.7551,-0.00013868
2.8776,-2.7551,-5.034e-05
3,-2.7551,-1.4472e-05
-3,-2.6327,0.00022175
-2.8776,-2.6327,0.00041487
-2.7551,-2.6327,0.00074678
-2.6327,-2.6327,0.0012915
-2.5102,-2.6327,0.0021419
-2.3878,-2.6327,0.0033972
-2.2653,-2.6327,0.005133
-2.1429,-2.6327,0.0073457
-2.0204,-2.6327,0.0098633
-1.898,-2.6327,0.012223
-1.7755,-2.6327,0.013526
-1.6531,-2.6327,0.012289
-1.5306,-2.6327,0.0063434
-1.4082,-2.6327,-0.0071715
-1.2857,-2.6327,-0.031653
-1.1633,-2.6327,-0.070682
-1.0408,-2.6327,-0.12746
-0.91837,-2.6327,-0.20407
-0.79592,-2.6327,-0.30074
-0.67347,-2.6327,-0.41519
-0.55102,-2.6327,-0.54228
-0.42857,-2.6327,-0.67416
-0.30612,-2.6327,-0.80097
-0.18367,-2.6327,-0.91196
-0.061224,-2.6327,-0.99701
0.061224,-2.6327,-1.0481
0.18367,-2.6327,-1.0607
0.30612,-2.6327,-1.0341
0.42857,-2.6327,-0.9718
0.55102,-2.6327,-0.88073
0.67347,-2.6327,-0.76998
0.79592,-2.6327,-0.64947
0.91837,-2.6327,-0.5286
1.0408,-2.6327,-0.41512
1.1633,-2.6327,-0.31452
1.2857,-2.6327,-0.22985
1.4082,-2.6327,-0.16196
1.5306,-2.6327,-0.10999
1.6531,-2.6327,-0.071935
1.7755,-2.6327,-0.045271
1.898,-2.6327,-0.027382
2.0204,-2.6327,-0.015891
2.1429,-2.6327,-0.0088293
2.2653,-2.6327,-0.0046813
2.3878,-2.6327,-0.0023574
2.5102,-2.6327,-0.0011192
2.6327,-2.6327,-0.00049479
2.7551,-2.6327,-0.00019903
2.8776,-2.6327,-6.9172e-05
3,-2.6327,-1.7655e-05
-3,-2.5102,0.0003089
-2.8776,-2.5102,0.00057909
-2.7551,-2.5102,0.001044
-2.6327,-2.5102,0.0018075
-2.5102,-2.5102,0.0029992
-2.3878,-2.5102,0.0047563
-2.2653,-2.5102,0.0071799
-2.1429,-2.5102,0.010253
-2.0204,-2.5102,0.013711
-1.898,-2.5102,0.016864
-1.7755,-2.5102,0.018383
-1.6531,-2.5102,0.016085
-1.5306,-2.5102,0.0067827
-1.4082,-2.5102,-0.013722
-1.2857,-2.5102,-0.050415
-1.1633,-2.5102,-0.10855
-1.0408,-2.5102,-0.19282
-0.91837,-2.5102,-0.30629
-0.79592,-2.5102,-0.4493
-0.67347,-2.5102,-0.61845
-0.55102,-2.5102,-0.80618
-0.42857,-2.5102,-1.0009
-0.30612,-2.5102,-1.1881
-0.18367,-2.5102,-1.3519
-0.061224,-2.5102,-1.4773
0.061224,-2.5102,-1.5525
0.18367,-2.5102,-1.5706
0.30612,-2.5102,-1.5308
0.42857,-2.5102,-1.4382
0.55102,-2.5102,-1.3031
0.67347,-2.5102,-1.1388
0.79592,-2.5102,-0.96013
0.91837,-2.5102,-0.78101
1.0408,-2.5102,-0.6129
1.1633,-2.5102,-0.46395
1.2857,-2.5102,-0.33866
1.4082,-2.5102,-0.2383
1.5306,-2.5102,-0.16154
1.6531,-2.5102,-0.10542
1.7755,-2.5102,-0.066154
1.898,-2.5102,-0.039869
2.0204,-2.5102,-0.023031
2.1429,-2.5102,-0.012718
2.2653,-2.5102,-0.0066884
2.3878,-2.5102,-0.0033301
2.5102,-2.5102,-0.0015552
2.6327,-2.5102,-0.00067007
2.7551,-2.5102,-0.00025768
2.8776,-2.5102,-8.1279e-05
3,-2.5102,-1.448e-05
-3,-2.3878,0.00041406
-2.8776,-2.3878,0.00077926
-2.7551,-2.3878,0.0014097
-2.6327,-2.3878,0.002448
-2.5102,-2.3878,0.0040727
-2.3878,-2.3878,0.0064733
-2.2653,-2.3878,0.0097898
-2.1429,-2.3878,0.013998
-2.0204,-2.3878,0.018732
-1.898,-2.3878,0.023028
-1.7755,-2.3878,0.025028
-1.6531,-2.3878,0.021674
-1.5306,-2.3878,0.00849
-1.4082,-2.3878,-0.020436
-1.2857,-2.3878,-0.072144
-1.1633,-2.3878,-0.15408
-1.0408,-2.3878,-0.27292
-0.91837,-2.3878,-0.43309
-0.79592,-2.3878,-0.63513
-0.67347,-2.3878,-0.87438
-0.55102,-2.3878,-1.1402
-0.42857,-2.3878,-1.4163
-0.30612,-2.3878,-1.6819
-0.18367,-2.3878,-1.9147
-0.061224,-2.3878,-2.0932
0.061224,-2.3878,-2.2006
0.18367,-2.3878,-2.2269
0.30612,-2.3878,-2.1709
0.42857,-2.3878,-2.0398
0.55102,-2.3878,-1.8479
0.67347,-2.3878,-1.6146
0.79592,-2.3878,-1.3607
0.91837,-2.3878,-1.1061
1.0408,-2.3878,-0.86719
1.1633,-2.3878,-0.6556
1.2857,-2.3878,-0.47776
1.4082,-2.3878,-0.33545
1.5306,-2.3878,-0.22678
1.6531,-2.3878,-0.14747
1.7755,-2.3878,-0.092135
1.898,-2.3878,-0.055209
2.0204,-2.3878,-0.031655
2.1429,-2.3878,-0.017308
2.2653,-2.3878,-0.0089793
2.3878,-2.3878,-0.0043853
2.5102,-2.3878,-0.0019891
2.6327,-2.3878,-0.00081673
2.7551,-2.3878,-0.00028602
2.8776,-2.3878,-6.9731e-05
3,-2.3878,4.6518e-06
-3,-2.2653,0.00053139
-2.8776,-2.2653,0.0010067
-2.7551,-2.2653,0.0018321
-2.6327,-2.2653,0.0031994
-2.5102,-2.2653,0.0053513
-2.3878,-2.2653,0.0085503
-2.2653,-2.2653,0.012999
-2.1429,-2.2653,0.018692
-2.0204,-2.2653,0.025172
-1.898,-2.2653,0.031193
-1.7755,-2.2653,0.03431
-1.6531,-2.2653,0.030458
-1.5306,-2.2653,0.013642
-1.4082,-2.2653,-0.024108
-1.2857,-2.2653,-0.092346
-1.1633,-2.2653,-0.20125
-1.0408,-2.2653,-0.36004
-0.91837,-2.2653,-0.57498
-0.79592,-2.2653,-0.8471
-0.67347,-2.2653,-1.1704
-0.55102,-2.2653,-1.5307
-0.42857,-2.2653,-1.9059
-0.30612,-2.2653,-2.2681
-0.18367,-2.2653,-2.5865
-0.061224,-2.2653,-2.8318
0.061224,-2.2653,-2.9806
0.18367,-2.2653,-3.0192
0.30612,-2.2653,-2.9454
0.42857,-2.2653,-2.7687
0.55102,-2.2653,-2.5087
0.67347,-2.2653,-2.1916
0.79592,-2.2653,-1.8461
0.91837,-2.2653,-1.4994
1.0408,-2.2653,-1.174
1.1633,-2.2653,-0.88596
1.2857,-2.2653,-0.64409
1.4082,-2.2653,-0.45081
1.5306,-2.2653,-0.30352
1.6531,-2.2653,-0.19634
1.7755,-2.2653,-0.12184
1.898,-2.2653,-0.072366
2.0204,-2.2653,-0.041008
2.1429,-2.2653,-0.022067
2.2653,-2.2653,-0.011194
2.3878,-2.2653,-0.0052877
2.5102,-2.2653,-0.0022727
2.6327,-2.2653,-0.00084439
2.7551,-2.2653,-0.00023091
2.8776,-2.2653,-4.3665e-06
3,-2.2653,5.6281e-05
-3,-2.1429,0.00064741
-2.8776,-2.1429,0.0012395
-2.7551,-2.1429,0.0022778
-2.6327,-2.1429,0.0040143
-2.5102,-2.1429,0.0067746
-2.3878,-2.1429,0.010922
-2.2653,-2.1429,0.016763
-2.1429,-2.1429,0.024359
-2.0204,-2.1429,0.033221
-1.898,-2.1429,0.04187
-1.7755,-2.1429,0.047299
-1.6531,-2.1429,0.044408
-1.5306,-2.1429,0.025567
-1.4082,-2.1429,-0.019488
-1.2857,-2.1429,-0.1032
-1.1633,-2.1429,-0.23897
-1.0408,-2.1429,-0.43919
-0.91837,-2.1429,-0.7125
-0.79592,-2.1429,-1.061
-0.67347,-2.1429,-1.4774
-0.55102,-2.1429,-1.9439
-0.42857,-2.1429,-2.4323
-0.30612,-2.1429,-2.9061
-0.18367,-2.1429,-3.3249
-0.061224,-2.1429,-3.6502
0.061224,-2.1429,-3.8506
0.18367,-2.1429,-3.9072
0.30612,-2.1429,-3.8166
0.42857,-2.1429,-3.5908
0.55102,-2.1429,-3.255
0.67347,-2.1429,-2.8434
0.79592,-2.1429,-2.3938
0.91837,-2.1429,-1.942
1.0408,-2.1429,-1.5179
1.1633,-2.1429,-1.1426
1.2857,-2.1429,-0.82775
1.4082,-2.1429,-0.5767
1.5306,-2.1429,-0.38595
1.6531,-2.1429,-0.24771
1.7755,-2.1429,-0.15214
1.898,-2.1429,-0.089127
2.0204,-2.1429,-0.049571
2.1429,-2.1429,-0.025982
2.2653,-2.1429,-0.012675
2.3878,-2.1429,-0.0056224
2.5102,-2.1429,-0.0021524
2.6327,-2.1429,-0.00060293
2.7551,-2.1429,-6.1685e-06
2.8776,-2.1429,0.00016275
3,-2.1429,0.00016623
-3,-2.0204,0.00073741
-2.8776,-2.0204,0.0014362
-2.7551,-2.0204,0.0026805
-2.6327,-2.0204,0.0047928
-2.5102,-2.0204,0.0082013
-2.3878,-2.0204,0.013407
-2.2653,-2.0204,0.020878
-2.1429,-2.0204,0.03083
-2.0204,-2.0204,0.042859
-1.898,-2.0204,0.055398
-1.7755,-2.0204,0.065034
-1.6531,-2.0204,0.065773
-1.5306,-2.0204,0.04843
-1.4082,-2.0204,0.00042246
-1.2857,-2.0204,-0.093765
-1.1633,-2.0204,-0.25116
-1.0408,-2.0204,-0.48784
-0.91837,-2.0204,-0.81561
-0.79592,-2.0204,-1.2382
-0.67347,-2.0204,-1.7481
-0.55102,-2.0204,-2.3241
-0.42857,-2.0204,-2.9317
-0.30612,-2.0204,-3.5257
-0.18367,-2.0204,-4.0553
-0.061224,-2.0204,-4.4713
0.061224,-2.0204,-4.7332
0.18367,-2.0204,-4.8161
0.30612,-2.0204,-4.7141
0.42857,-2.0204,-4.4413
0.55102,-2.0204,-4.0288
0.67347,-2.0204,-3.5194
0.79592,-2.0204,-2.9608
0.91837,-2.0204,-2.3982
1.0408,-2.0204,-1.8697
1.1633,-2.0204,-1.4022
1.2857,-2.0204,-1.0107
1.4082,-2.0204,-0.69942
1.5306,-2.0204,-0.46388
1.6531,-2.0204,-0.29418
1.7755,-2.0204,-0.17779
1.898,-2.0204,-0.10188
2.0204,-2.0204,-0.054911
2.1429,-2.0204,-0.027457
2.2653,-2.0204,-0.012405
2.3878,-2.0204,-0.0047597
2.5102,-2.0204,-0.0012491
2.6327,-2.0204,0.00012935
2.7551,-2.0204,0.000514
2.8776,-2.0204,0.00050086
3,-2.0204,0.00037149
-3,-1.898,0.00076162
-2.8776,-1.898,0.0015286
-2.7551,-1.898,0.002928
-2.6327,-1.898,0.0053587
-2.5102,-1.898,0.0093703
-2.3878,-1.898,0.015642
-2.2653,-1.898,0.024878
-2.1429,-1.898,0.037577
-2.0204,-1.898,0.053609
-1.898,-1.898,0.071582
-1.7755,-1.898,0.088008
-1.6531,-1.898,0.096367
-1.5306,-1.898,0.086287
-1.4082,-1.898,0.043143
-1.2857,-1.898,-0.051544
-1.1633,-1.898,-0.21857
-1.0408,-1.898,-0.47822
-0.91837,-1.898,-0.84623
-0.79592,-1.898,-1.3292
-0.67347,-1.898,-1.9203
-0.55102,-1.898,-2.5964
-0.42857,-1.898,-3.3177
-0.30612,-1.898,-4.0305
-0.18367,-1.898,-4.6737
-0.061224,-1.898,-5.1868
0.061224,-1.898,-5.5193
0.18367,-1.898,-5.6388
0.30612,-1.898,-5.5361
0.42857,-1.898,-5.2264
0.55102,-1.898,-4.7461
0.67347,-1.898,-4.1462
0.79592,-1.898,-3.4843
0.91837,-1.898,-2.8159
1.0408,-1.898,-2.1872
1.1633,-1.898,-1.6314
1.2857,-1.898,-1.1671
1.4082,-1.898,-0.7994
1.5306,-1.898,-0.52287
1.6531,-1.898,-0.32536
1.7755,-1.898,-0.1915
1.898,-1.898,-0.10561
2.0204,-1.898,-0.053678
2.1429,-1.898,-0.024313
2.2653,-1.898,-0.0090031
2.3878,-1.898,-0.0018493
2.5102,-1.898,0.00094637
2.6327,-1.898,0.0016485
2.7551,-1.898,0.0014968
2.8776,-1.898,0.0011017
3,-1.898,0.00072083
-3,-1.7755,0.00066181
-2.8776,-1.7755,0.0014148
-2.7551,-1.7755,0.0028494
-2.6327,-1.7755,0.0054368
-2.5102,-1.7755,0.0098577
-2.3878,-1.7755,0.017006
-2.2653,-1.7755,0.02791
-2.1429,-1.7755,0.043507
-2.0204,-1.7755,0.064205
-1.898,-1.7755,0.089174
-1.7755,-1.7755,0.11538
-1.6531,-1.7755,0.13641
-1.5306,-1.7755,0.14141
-1.4082,-1.7755,0.11439
-1.2857,-1.7755,0.034394
-1.1633,-1.7755,-0.12299
-1.0408,-1.7755,-0.38255
-0.91837,-1.7755,-0.76486
-0.79592,-1.7755,-1.2808
-0.67347,-1.7755,-1.9262
-0.55102,-1.7755,-2.6778
-0.42857,-1.7755,-3.4926
-0.30612,-1.7755,-4.3103
-0.18367,-1.7755,-5.0601
-0.061224,-1.7755,-5.6707
0.061224,-1.7755,-6.0807
0.18367,-1.7755,-6.2494
0.30612,-1.7755,-6.1625
0.42857,-1.7755,-5.8347
0.55102,-1.7755,-5.3062
0.67347,-1.7755,-4.6355
0.79592,-1.7755,-3.8892
0.91837,-1.7755,-3.1322
1.0408,-1.7755,-2.4193
1.1633,-1.7755,-1.7898
1.2857,-1.7755,-1.2656
1.4082,-1.7755,-0.85297
1.5306,-1.7755,-0.54544
1.6531,-1.7755,-0.32863
1.7755,-1.7755,-0.18438
1.898,-1.7755,-0.094241
2.0204,-1.7755,-0.041813
2.1429,-1.7755,-0.013908
2.2653,-1.7755,-0.00079732
2.3878,-1.7755,0.0041395
2.5102,-1.7755,0.0050511
2.6327,-1.7755,0.0043138
2.7551,-1.7755,0.0031452
2.8776,-1.7755,0.0020765
3,-1.7755,0.0012735
-3,-1.6531,0.00035959
-2.8776,-1.6531,0.000956
-2.7551,-1.6531,0.0022068
-2.6327,-1.6531,0.0046352
-2.5102,-1.6531,0.0090434
-2.3878,-1.6531,0.01656
-2.2653,-1.6531,0.028613
-2.1429,-1.6531,0.046752
-2.0204,-1.6531,0.072233
-1.898,-1.6531,0.10528
-1.7755,-1.6531,0.14402
-1.6531,-1.6531,0.18306
-1.5306,-1.6531,0.21213
-1.4082,-1.6531,0.21493
-1.2857,-1.6531,0.16896
-1.1633,-1.6531,0.046758
-1.0408,-1.6531,-0.18105
-0.91837,-1.6531,-0.54071
-0.79592,-1.6531,-1.0491
-0.67347,-1.6531,-1.7071
-0.55102,-1.6531,-2.4945
-0.42857,-1.6531,-3.3679
-0.30612,-1.6531,-4.2633
-0.18367,-1.6531,-5.1022
-0.061224,-1.6531,-5.8033
0.061224,-1.6531,-6.2948
0.18367,-1.6531,-6.5259
0.30612,-1.6531,-6.4759
0.42857,-1.6531,-6.1566
0.55102,-1.6531,-5.61
0.67347,-1.6531,-4.8997
0.79592,-1.6531,-4.1
0.91837,-1.6531,-3.2842
1.0408,-1.6531,-2.5146
1.1633,-1.6531,-1.8362
1.2857,-1.6531,-1.2742
1.4082,-1.6531,-0.83571
1.5306,-1.6531,-0.51345
1.6531,-1.6531,-0.29085
1.7755,-1.6531,-0.14714
1.898,-1.6531,-0.061343
2.0204,-1.6531,-0.014991
2.1429,-1.6531,0.0065888
2.2653,-1.6531,0.014017
2.3878,-1.6531,0.014324
2.5102,-1.6531,0.011738
2.6327,-1.6531,0.0085183
2.7551,-1.6531,0.0056825
2.8776,-1.6531,0.0035482
3,-1.6531,0.0020951
-3,-1.5306,-0.00024198
-2.8776,-1.5306,-2.2239e-05
-2.7551,-1.5306,0.00069731
-2.6327,-1.5306,0.0024455
-2.5102,-1.5306,0.0061043
-2.3878,-1.5306,0.01302
-2.2653,-1.5306,0.025062
-2.1429,-1.5306,0.04454
-2.0204,-1.5306,0.073877
-1.898,-1.5306,0.1149
-1.7755,-1.5306,0.16771
-1.6531,-1.5306,0.22908
-1.5306,-1.5306,0.29064
-1.4082,-1.5306,0.33728
-1.2857,-1.5306,0.3463
-1.1633,-1.5306,0.28811
-1.0408,-1.5306,0.12902
-0.91837,-1.5306,-0.16361
-0.79592,-1.5306,-0.61441
-0.67347,-1.5306,-1.2322
-0.55102,-1.5306,-2.0035
-0.42857,-1.5306,-2.8885
-0.30612,-1.5306,-3.8229
-0.18367,-1.5306,-4.7237
-0.061224,-1.5306,-5.5016
0.061224,-1.5306,-6.074
0.18367,-1.5306,-6.38
0.30612,-1.5306,-6.3899
0.42857,-1.5306,-6.1105
0.55102,-1.5306,-5.5823
0.67347,-1.5306,-4.8717
0.79592,-1.5306,-4.0584
0.91837,-1.5306,-3.2222
1.0408,-1.5306,-2.4318
1.1633,-1.5306,-1.7371
1.2857,-1.5306,-1.1663
1.4082,-1.5306,-0.72712
1.5306,-1.5306,-0.41139
1.6531,-1.5306,-0.20056
1.7755,-1.5306,-0.071526
1.898,-1.5306,-0.0011415
2.0204,-1.5306,0.030732
2.1429,-1.5306,0.039798
2.2653,-1.5306,0.037131
2.3878,-1.5306,0.029766
2.5102,-1.5306,0.021653
2.6327,-1.5306,0.014644
2.7551,-1.5306,0.0093273
2.8776,-1.5306,0.0056385
3,-1.5306,0.0032513
-3,-1.4082,-0.0012517
-2.8776,-1.4082,-0.0017181
-2.7551,-1.4082,-0.0020289
-2.6327,-1.4082,-0.0017298
-2.5102,-1.4082,5.294e-05
-2.3878,-1.4082,0.0048087
-2.2653,-1.4082,0.014822
-2.1429,-1.4082,0.033245
-2.0204,-1.4082,0.063923
-1.898,-1.4082,0.11081
-1.7755,-1.4082,0.17683
-1.6531,-1.4082,0.2621
-1.5306,-1.4082,0.36174
-1.4082,-1.4082,0.46352
-1.2857,-1.4082,0.54625
-1.1633,-1.4082,0.57954
-1.0408,-1.4082,0.52598
-0.91837,-1.4082,0.34607
-0.79592,-1.4082,0.0057218
-0.67347,-1.4082,-0.51477
-0.55102,-1.4082,-1.2123
-0.42857,-1.4082,-2.0553
-0.30612,-1.4082,-2.9832
-0.18367,-1.4082,-3.9123
-0.061224,-1.4082,-4.747
0.061224,-1.4082,-5.3955
0.18367,-1.4082,-5.7853
0.30612,-1.4082,-5.8763
0.42857,-1.4082,-5.6673
0.55102,-1.4082,-5.1946
0.67347,-1.4082,-4.5244
0.79592,-1.4082,-3.7391
0.91837,-1.4082,-2.9234
1.0408,-1.4082,-2.1509
1.1633,-1.4082,-1.4755
1.2857,-1.4082,-0.92754
1.4082,-1.4082,-0.51542
1.5306,-1.4082,-0.22988
1.6531,-1.4082,-0.050506
1.7755,-1.4082,0.047922
1.898,-1.4082,0.090362
2.0204,-1.4082,0.098187
2.1429,-1.4082,0.087664
2.2653,-1.4082,0.069838
2.3878,-1.4082,0.051297
2.5102,-1.4082,0.035315
2.6327,-1.4082,0.023004
2.7551,-1.4082,0.014262
2.8776,-1.4082,0.0084503
3,-1.4082,0.0047982
-3,-1.2857,-0.0027777
-2.8776,-1.2857,-0.0043313
-2.7551,-1.2857,-0.0063298
-2.6327,-1.2857,-0.0085131
-2.5102,-1.2857,-0.01016
-2.3878,-1.2857,-0.0097883
-2.2653,-1.2857,-0.0048212
-2.1429,-1.2857,0.0086997
-2.0204,-1.2857,0.036177
-1.898,-1.2857,0.08408
-1.7755,-1.2857,0.1589
-1.6531,-1.2857,0.26527
-1.5306,-1.2857,0.4033
-1.4082,-1.2857,0.5655
-1.2857,-1.2857,0.73405
-1.1633,-1.2857,0.87938
-1.0408,-1.2857,0.96131
-0.91837,-1.2857,0.93342
-0.79592,-1.2857,0.75087
-0.67347,-1.2857,0.38051
-0.55102,-1.2857,-0.18861
-0.42857,-1.2857,-0.93722
-0.30612,-1.2857,-1.813
-0.18367,-1.2857,-2.7346
-0.061224,-1.2857,-3.603
0.061224,-1.2857,-4.3177
0.18367,-1.2857,-4.7945
0.30612,-1.2857,-4.9813
0.42857,-1.2857,-4.8662
0.55102,-1.2857,-4.479
0.67347,-1.2857,-3.8828
0.79592,-1.2857,-3.161
0.91837,-1.2857,-2.4011
1.0408,-1.2857,-1.6805
1.1633,-1.2857,-1.0561
1.2857,-1.2857,-0.5602
1.4082,-1.2857,-0.20108
1.5306,-1.2857,0.031707
1.6531,-1.2857,0.16049
1.7755,-1.2857,0.21254
1.898,-1.2857,0.21443
2.0204,-1.2857,0.18845
2.1429,-1.2857,0.15103
2.2653,-1.2857,0.11276
2.3878,-1.2857,0.079351
2.5102,-1.2857,0.053012
2.6327,-1.2857,0.033781
2.7551,-1.2857,0.020599
2.8776,-1.2857,0.012049
3,-1.2857,0.0067726
-3,-1.1633,-0.0049084
-2.8776,-1.1633,-0.008029
-2.7551,-1.1633,-0.012512
-2.6327,-1.1633,-0.018449
-2.5102,-1.1633,-0.025475
-2.3878,-1.1633,-0.032351
-2.2653,-1.1633,-0.036443
-2.1429,-1.1633,-0.033172
-2.0204,-1.1633,-0.01563
-1.898,-1.1633,0.02535
-1.7755,-1.1633,0.10035
-1.6531,-1.1633,0.21942
-1.5306,-1.1633,0.38906
-1.4082,-1.1633,0.60822
-1.2857,-1.1633,0.86433
-1.1633,-1.1633,1.1304
-1.0408,-1.1633,1.3647
-0.91837,-1.1633,1.5144
-0.79592,-1.1633,1.5231
-0.67347,-1.1633,1.3425
-0.55102,-1.1633,0.94466
-0.42857,-1.1633,0.3332
-0.30612,-1.1633,-0.45122
-0.18367,-1.1633,-1.3329
-0.061224,-1.1633,-2.2112
0.061224,-1.1633,-2.978
0.18367,-1.1633,-3.5373
0.30612,-1.1633,-3.8236
0.42857,-1.1633,-3.8133
0.55102,-1.1633,-3.5272
0.67347,-1.1633,-3.0243
0.79592,-1.1633,-2.3871
0.91837,-1.1633,-1.7051
1.0408,-1.1633,-1.0587
1.1633,-1.1633,-0.5073
1.2857,-1.1633,-0.084363
1.4082,-1.1633,0.20212
1.5306,-1.1633,0.36425
1.6531,-1.1633,0.42665
1.7755,-1.1633,0.41883
1.898,-1.1633,0.36905
2.0204,-1.1633,0.30042
2.1429,-1.1633,0.22934
2.2653,-1.1633,0.16564
2.3878,-1.1633,0.11383
2.5102,-1.1633,0.074716
2.6327,-1.1633,0.046975
2.7551,-1.1633,0.028347
2.8776,-1.1633,0.016444
3,-1.1633,0.0091819
-3,-1.0408,-0.0076905
-2.8776,-1.0408,-0.012904
-2.7551,-1.0408,-0.020754
-2.6327,-1.0408,-0.031876
-2.5102,-1.0408,-0.04651
-2.3878,-1.0408,-0.063969
-2.2653,-1.0408,-0.081911
-2.1429,-1.0408,-0.095474
-2.0204,-1.0408,-0.096507
-1.898,-1.0408,-0.07323
-1.7755,-1.0408,-0.010776
-1.6531,-1.0408,0.10694
-1.5306,-1.0408,0.29377
-1.4082,-1.0408,0.55655
-1.2857,-1.0408,0.88963
-1.1633,-1.0408,1.2703
-1.0408,-1.0408,1.6569
-0.91837,-1.0408,1.9909
-0.79592,-1.0408,2.2046
-0.67347,-1.0408,2.2337
-0.55102,-1.0408,2.0317
-0.42857,-1.0408,1.5844
-0.30612,-1.0408,0.91841
-0.18367,-1.0408,0.10191
-0.061224,-1.0408,-0.76468
0.061224,-1.0408,-1.5663
0.18367,-1.0408,-2.1952
0.30612,-1.0408,-2.5722
0.42857,-1.0408,-2.6611
0.55102,-1.0408,-2.4735
0.67347,-1.0408,-2.0635
0.79592,-1.0408,-1.5127
0.91837,-1.0408,-0.91253
1.0408,-1.0408,-0.34615
1.1633,-1.0408,0.12457
1.2857,-1.0408,0.46536
1.4082,-1.0408,0.66908
1.5306,-1.0408,0.75007
1.6531,-1.0408,0.73584
1.7755,-1.0408,0.6587
1.898,-1.0408,0.54896
2.0204,-1.0408,0.43079
2.1429,-1.0408,0.32056
2.2653,-1.0408,0.22726
2.3878,-1.0408,0.15402
2.5102,-1.0408,0.10003
2.6327,-1.0408,0.062369
2.7551,-1.0408,0.037389
2.8776,-1.0408,0.021576
3,-1.0408,0.011996
-3,-0.91837,-0.011107
-2.8776,-0.91837,-0.018935
-2.7551,-0.91837,-0.031037
-2.6327,-0.91837,-0.048793
-2.5102,-0.91837,-0.073325
-2.3878,-0.91837,-0.10486
-2.2653,-0.91837,-0.14176
-2.1429,-0.91837,-0.17936
-2.0204,-0.91837,-0.20872
-1.898,-0.91837,-0.21577
-1.7755,-0.91837,-0.18151
-1.6531,-0.91837,-0.083678
-1.5306,-0.91837,0.099536
-1.4082,-0.91837,0.38378
-1.2857,-0.91837,0.77169
-1.1633,-0.91837,1.2464
-1.0408,-0.91837,1.7678
-0.91837,-0.91837,2.273
-0.79592,-0.91837,2.6842
-0.67347,-0.91837,2.9211
-0.55102,-0.91837,2.9186
-0.42857,-0.91837,2.6439
-0.30612,-0.91837,2.1088
-0.18367,-0.91837,1.3728
-0.061224,-0.91837,0.53561
0.061224,-0.91837,-0.28158
0.18367,-0.91837,-0.95971
0.30612,-0.91837,-1.4062
0.42857,-0.91837,-1.5729
0.55102,-0.91837,-1.4628
0.67347,-0.91837,-1.1258
0.79592,-0.91837,-0.64367
0.91837,-0.91837,-0.11054
1.0408,-0.91837,0.38697
1.1633,-0.91837,0.78436
1.2857,-0.91837,1.0466
1.4082,-0.91837,1.1681
1.5306,-0.91837,1.1659
1.6531,-0.91837,1.0714
1.7755,-0.91837,0.92053
1.898,-0.91837,0.74627
2.0204,-0.91837,0.5743
2.1429,-0.91837,0.4213
2.2653,-0.91837,0.2955
2.3878,-0.91837,0.19863
2.5102,-0.91837,0.12817
2.6327,-0.91837,0.079514
2.7551,-0.91837,0.047475
2.8776,-0.91837,0.027306
3,-0.91837,0.015142
-3,-0.79592,-0.015059
-2.8776,-0.79592,-0.025951
-2.7551,-0.79592,-0.04308
-2.6327,-0.79592,-0.068755
-2.5102,-0.79592,-0.10525
-2.3878,-0.79592,-0.15405
-2.2653,-0.79592,-0.2147
-2.1429,-0.79592,-0.28323
-2.0204,-0.79592,-0.35048
-1.898,-0.79592,-0.40069
-1.7755,-0.79592,-0.41112
-1.6531,-0.79592,-0.35358
-1.5306,-0.79592,-0.19823
-1.4082,-0.79592,0.079842
-1.2857,-0.79592,0.49243
-1.1633,-0.79592,1.0298
-1.0408,-0.79592,1.6547
-0.91837,-0.79592,2.302
-0.79592,-0.79592,2.8846
-0.67347,-0.79592,3.3083
-0.55102,-0.79592,3.4902
-0.42857,-0.79592,3.3798
-0.30612,-0.79592,2.9743
-0.18367,-0.79592,2.3249
-0.061224,-0.79592,1.53
0.061224,-0.79592,0.71679
0.18367,-0.79592,0.014746
0.30612,-0.79592,-0.47139
0.42857,-0.79592,-0.68269
0.55102,-0.79592,-0.61539
0.67347,-0.79592,-0.31704
0.79592,-0.79592,0.12873
0.91837,-0.79592,0.62369
1.0408,-0.79592,1.0766
1.1633,-0.79592,1.4199
1.2857,-0.79592,1.6179
1.4082,-0.79592,1.6665
1.5306,-0.79592,1.5868
1.6531,-0.79592,1.4148
1.7755,-0.79592,1.1908
1.898,-0.79592,0.95132
2.0204,-0.79592,0.72431
2.1429,-0.79592,0.52709
2.2653,-0.79592,0.36744
2.3878,-0.79592,0.2458
2.5102,-0.79592,0.15802
2.6327,-0.79592,0.097737
2.7551,-0.79592,0.058216
2.8776,-0.79592,0.03342
3,-0.79592,0.018503
-3,-0.67347,-0.019363
-2.8776,-0.67347,-0.033627
-2.7551,-0.67347,-0.056322
-2.6327,-0.67347,-0.090835
-2.5102,-0.67347,-0.1408
-2.3878,-0.67347,-0.20927
-2.2653,-0.67347,-0.29736
-2.1429,-0.67347,-0.40232
-2.0204,-0.67347,-0.51537
-1.898,-0.67347,-0.61967
-1.7755,-0.67347,-0.68946
-1.6531,-0.67347,-0.69114
-1.5306,-0.67347,-0.58725
-1.4082,-0.67347,-0.34362
-1.2857,-0.67347,0.061014
-1.1633,-0.67347,0.62483
-1.0408,-0.67347,1.315
-0.91837,-0.67347,2.0653
-0.79592,-0.67347,2.7823
-0.67347,-0.67347,3.3591
-0.55102,-0.67347,3.6977
-0.42857,-0.67347,3.7315
-0.30612,-0.67347,3.4446
-0.18367,-0.67347,2.8806
-0.061224,-0.67347,2.1369
0.061224,-0.67347,1.3459
0.18367,-0.67347,0.64655
0.30612,-0.67347,0.15397
0.42857,-0.67347,-0.064295
0.55102,-0.67347,0.00016939
0.67347,-0.67347,0.29988
0.79592,-0.67347,0.74745
0.91837,-0.67347,1.2389
1.0408,-0.67347,1.6774
1.1633,-0.67347,1.9916
1.2857,-0.67347,2.1451
1.4082,-0.67347,2.136
1.5306,-0.67347,1.9898
1.6531,-0.67347,1.7477
1.7755,-0.67347,1.4554
1.898,-0.67347,1.1537
2.0204,-0.67347,0.87333
2.1429,-0.67347,0.63273
2.2653,-0.67347,0.43958
2.3878,-0.67347,0.29328
2.5102,-0.67347,0.18815
2.6327,-0.67347,0.11618
2.7551,-0.67347,0.069108
2.8776,-0.67347,0.03963
3,-0.67347,0.021923
-3,-0.55102,-0.023759
-2.8776,-0.55102,-0.041496
-2.7551,-0.55102,-0.069953
-2.6327,-0.55102,-0.11367
-2.5102,-0.55102,-0.17777
-2.3878,-0.55102,-0.26706
-2.2653,-0.55102,-0.3845
-2.1429,-0.55102,-0.52896
-2.0204,-0.55102,-0.69255
-1.898,-0.55102,-0.85805
-1.7755,-0.55102,-0.99739
-1.6531,-0.55102,-1.0724
-1.5306,-0.55102,-1.0386
-1.4082,-0.55102,-0.85332
-1.2857,-0.55102,-0.4858
-1.1633,-0.55102,0.070345
-1.0408,-0.55102,0.78762
-0.91837,-0.55102,1.6006
-0.79592,-0.55102,2.4112
-0.67347,-0.55102,3.1032
-0.55102,-0.55102,3.5656
-0.42857,-0.55102,3.7184
-0.30612,-0.55102,3.5345
-0.18367,-0.55102,3.051
-0.061224,-0.55102,2.3643
0.061224,-0.55102,1.6114
0.18367,-0.55102,0.93892
0.30612,-0.55102,0.4703
0.42857,-0.55102,0.27941
0.55102,-0.55102,0.37703
0.67347,-0.55102,0.71381
0.79592,-0.55102,1.1971
0.91837,-0.55102,1.716
1.0408,-0.55102,2.1676
1.1633,-0.55102,2.4765
1.2857,-0.55102,2.6055
1.4082,-0.55102,2.5551
1.5306,-0.55102,2.3554
1.6531,-0.55102,2.0536
1.7755,-0.55102,1.701
1.898,-0.55102,1.3431
2.0204,-0.55102,1.0136
2.1429,-0.55102,0.73264
2.2653,-0.55102,0.50808
2.3878,-0.55102,0.33851
2.5102,-0.55102,0.21692
2.6327,-0.55102,0.13383
2.7551,-0.55102,0.079555
2.8776,-0.55102,0.045597
3,-0.55102,0.025213
-3,-0.42857,-0.027936
-2.8776,-0.42857,-0.048996
-2.7551,-0.42857,-0.082993
-2.6327,-0.42857,-0.13561
-2.5102,-0.42857,-0.21344
-2.3878,-0.42857,-0.32311
-2.2653,-0.42857,-0.46953
-2.1429,-0.42857,-0.65342
-2.0204,-0.42857,-0.86815
-1.898,-0.42857,-1.0967
-1.7755,-0.42857,-1.3093
-1.6531,-0.42857,-1.4643
-1.5306,-0.42857,-1.5114
-1.4082,-0.42857,-1.3999
-1.2857,-0.42857,-1.0906
-1.1633,-0.42857,-0.56881
-1.0408,-0.42857,0.14371
-0.91837,-0.42857,0.98383
-0.79592,-0.42857,1.851
-0.67347,-0.42857,2.6222
-0.55102,-0.42857,3.1768
-0.42857,-0.42857,3.424
-0.30612,-0.42857,3.3275
-0.18367,-0.42857,2.9186
-0.061224,-0.42857,2.2931
0.061224,-0.42857,1.5908
0.18367,-0.42857,0.96402
0.30612,-0.42857,0.54232
0.42857,-0.42857,0.40349
0.55102,-0.42857,0.55894
0.67347,-0.42857,0.95623
0.79592,-0.42857,1.4969
0.91837,-0.42857,2.0631
1.0408,-0.42857,2.5458
1.1633,-0.42857,2.8661
1.2857,-0.42857,2.9861
1.4082,-0.42857,2.9086
1.5306,-0.42857,2.6684
1.6531,-0.42857,2.3183
1.7755,-0.42857,1.9152
1.898,-0.42857,1.5093
2.0204,-0.42857,1.1373
2.1429,-0.42857,0.82112
2.2653,-0.42857,0.56893
2.3878,-0.42857,0.37879
2.5102,-0.42857,0.24261
2.6327,-0.42857,0.14962
2.7551,-0.42857,0.088912
2.8776,-0.42857,0.050948
3,-0.42857,0.028167
-3,-0.30612,-0.031568
-2.8776,-0.30612,-0.055541
-2.7551,-0.30612,-0.094415
-2.6327,-0.30612,-0.1549
-2.5102,-0.30612,-0.24496
-2.3878,-0.30612,-0.37289
-2.2653,-0.30612,-0.5455
-2.1429,-0.30612,-0.76533
-2.0204,-0.30612,-1.0272
-1.898,-0.30612,-1.3147
-1.7755,-0.30612,-1.5974
-1.6531,-0.30612,-1.8307
-1.5306,-0.30612,-1.9598
-1.4082,-0.30612,-1.9276
-1.2857,-0.30612,-1.6872
-1.1633,-0.30612,-1.2167
-1.0408,-0.30612,-0.5316
-0.91837,-0.30612,0.30813
-0.79592,-0.30612,1.2016
-0.67347,-0.30612,2.0219
-0.55102,-0.30612,2.6416
-0.42857,-0.30612,2.9619
-0.30612,-0.30612,2.9393
-0.18367,-0.30612,2.6002
-0.061224,-0.30612,2.0386
0.061224,-0.30612,1.3957
0.18367,-0.30612,0.82699
0.30612,-0.30612,0.46545
0.42857,-0.30612,0.39088
0.55102,-0.30612,0.61413
0.67347,-0.30612,1.0795
0.79592,-0.30612,1.6833
0.91837,-0.30612,2.3019
1.0408,-0.30612,2.8215
1.1633,-0.30612,3.1601
1.2857,-0.30612,3.2796
1.4082,-0.30612,3.1854
1.5306,-0.30612,2.916
1.6531,-0.30612,2.5293
1.7755,-0.30612,2.0869
1.898,-0.30612,1.643
2.0204,-0.30612,1.2371
2.1429,-0.30612,0.8927
2.2653,-0.30612,0.61826
2.3878,-0.30612,0.4115
2.5102,-0.30612,0.26349
2.6327,-0.30612,0.16247
2.7551,-0.30612,0.096535
2.8776,-0.30612,0.055312
3,-0.30612,0.030578
-3,-0.18367,-0.03436
-2.8776,-0.18367,-0.060597
-2.7551,-0.18367,-0.10328
-2.6327,-0.18367,-0.16996
-2.5102,-0.18367,-0.26972
-2.3878,-0.18367,-0.41226
-2.2653,-0.18367,-0.606
-2.1429,-0.18367,-0.85519
-2.0204,-0.18367,-1.1561
-1.898,-0.18367,-1.4932
-1.7755,-0.18367,-1.8359
-1.6531,-0.18367,-2.1381
-1.5306,-0.18367,-2.3416
-1.4082,-0.18367,-2.3847
-1.2857,-0.18367,-2.2146
-1.1633,-0.18367,-1.8027
-1.0408,-0.18367,-1.159
-0.91837,-0.18367,-0.33944
-0.79592,-0.18367,0.55673
-0.67347,-0.18367,1.4014
-0.55102,-0.18367,2.0634
-0.42857,-0.18367,2.4388
-0.30612,-0.18367,2.4787
-0.18367,-0.18367,2.205
-0.061224,-0.18367,1.7088
0.061224,-0.18367,1.1305
0.18367,-0.18367,0.62583
0.30612,-0.18367,0.32862
0.42857,-0.18367,0.31881
0.55102,-0.18367,0.60617
0.67347,-0.18367,1.1325
0.79592,-0.18367,1.7906
0.91837,-0.18367,2.4533
1.0408,-0.18367,3.0037
1.1633,-0.18367,3.3586
1.2857,-0.18367,3.4803
1.4082,-0.18367,3.3757
1.5306,-0.18367,3.087
1.6531,-0.18367,2.6753
1.7755,-0.18367,2.2059
1.898,-0.18367,1.7358
2.0204,-0.18367,1.3065
2.1429,-0.18367,0.94246
2.2653,-0.18367,0.65257
2.3878,-0.18367,0.43426
2.5102,-0.18367,0.27804
2.6327,-0.18367,0.17142
2.7551,-0.18367,0.10185
2.8776,-0.18367,0.058354
3,-0.18367,0.03226
-3,-0.061224,-0.036087
-2.8776,-0.061224,-0.063756
-2.7551,-0.061224,-0.10888
-2.6327,-0.061224,-0.17958
-2.5102,-0.061224,-0.28572
-2.3878,-0.061224,-0.43802
-2.2653,-0.061224,-0.64615
-2.1429,-0.061224,-0.91572
-2.0204,-0.061224,-1.2444
-1.898,-0.061224,-1.6176
-1.7755,-0.061224,-2.0052
-1.6531,-0.061224,-2.3609
-1.5306,-0.061224,-2.6249
-1.4082,-0.061224,-2.7324
-1.2857,-0.061224,-2.6265
-1.1633,-0.061224,-2.2741
-1.0408,-0.061224,-1.6798
-0.91837,-0.061224,-0.8949
-0.79592,-0.061224,-0.01553
-0.67347,-0.061224,0.83181
-0.55102,-0.061224,1.5154
-0.42857,-0.061224,1.9291
-0.30612,-0.061224,2.0204
-0.18367,-0.061224,1.807
-0.061224,-0.061224,1.376
0.061224,-0.061224,0.86417
0.18367,-0.061224,0.42471
0.30612,-0.061224,0.18934
0.42857,-0.061224,0.23654
0.55102,-0.061224,0.57484
0.67347,-0.061224,1.1449
0.79592,-0.061224,1.8386
0.91837,-0.061224,2.5279
1.0408,-0.061224,3.0957
1.1633,-0.061224,3.4591
1.2857,-0.061224,3.5812
1.4082,-0.061224,3.4709
1.5306,-0.061224,3.1718
1.6531,-0.061224,2.7473
1.7755,-0.061224,2.2643
1.898,-0.061224,1.7811
2.0204,-0.061224,1.3402
2.1429,-0.061224,0.9666
2.2653,-0.061224,0.66919
2.3878,-0.061224,0.44527
2.5102,-0.061224,0.28506
2.6327,-0.061224,0.17574
2.7551,-0.061224,0.10441
2.8776,-0.061224,0.059823
3,-0.061224,0.033072
-3,0.061224,-0.03662
-2.8776,0.061224,-0.064784
-2.7551,0.061224,-0.11081
-2.6327,0.061224,-0.18306
-2.5102,0.061224,-0.29182
-2.3878,0.061224,-0.44837
-2.2653,0.061224,-0.66315
-2.1429,0.061224,-0.94275
-2.0204,0.061224,-1.2859
-1.898,0.061224,-1.6794
-1.7755,0.061224,-2.0941
-1.6531,0.061224,-2.4845
-1.5306,0.061224,-2.7909
-1.4082,0.061224,-2.9479
-1.2857,0.061224,-2.8965
-1.1633,0.061224,-2.6005
-1.0408,0.061224,-2.0603
-0.91837,0.061224,-1.3223
-0.79592,0.061224,-0.47761
-0.67347,0.061224,0.3515
-0.55102,0.061224,1.0361
-0.42857,0.061224,1.4706
-0.30612,0.061224,1.6011
-0.18367,0.061224,1.4414
-0.061224,0.061224,1.0732
0.061224,0.061224,0.62718
0.18367,0.061224,0.25081
0.30612,0.061224,0.07101
0.42857,0.061224,0.1632
0.55102,0.061224,0.53469
0.67347,0.061224,1.1266
0.79592,0.061224,1.8326
0.91837,0.061224,2.5271
1.0408,0.061224,3.0955
1.1633,0.061224,3.4572
1.2857,0.061224,3.577
1.4082,0.061224,3.4647
1.5306,0.061224,3.1645
1.6531,0.061224,2.7398
1.7755,0.061224,2.2574
1.898,0.061224,1.7751
2.0204,0.061224,1.3355
2.1429,0.061224,0.96303
2.2653,0.061224,0.66663
2.3878,0.061224,0.44353
2.5102,0.061224,0.28393
2.6327,0.061224,0.17504
2.7551,0.061224,0.10399
2.8776,0.061224,0.059582
3,0.061224,0.032938
-3,0.18367,-0.035943
-2.8776,0.18367,-0.063651
-2.7551,0.18367,-0.10899
-2.6327,0.18367,-0.1803
-2.5102,0.18367,-0.28783
-2.3878,0.18367,-0.44299
-2.2653,0.18367,-0.65647
-2.1429,0.18367,-0.9354
-2.0204,0.18367,-1.2795
-1.898,0.18367,-1.6767
-1.7755,0.18367,-2.0997
-1.6531,0.18367,-2.5049
-1.5306,0.18367,-2.8344
-1.4082,0.18367,-3.0242
-1.2857,0.18367,-3.0157
-1.1633,0.18367,-2.7712
-1.0408,0.18367,-2.2878
-0.91837,0.18367,-1.6071
-0.79592,0.18367,-0.81346
-0.67347,0.18367,-0.022477
-0.55102,0.18367,0.6428
-0.42857,0.18367,1.0806
-0.30612,0.18367,1.2371
-0.18367,0.18367,1.1229
-0.061224,0.18367,0.81338
0.061224,0.18367,0.43061
0.18367,0.18367,0.11323
0.30612,0.18367,-0.019154
0.42857,0.18367,0.10433
0.55102,0.18367,0.48987
0.67347,0.18367,1.0807
0.79592,0.18367,1.775
0.91837,0.18367,2.4527
1.0408,0.18367,3.0047
1.1633,0.18367,3.3542
1.2857,0.18367,3.4685
1.4082,0.18367,3.3579
1.5306,0.18367,3.0657
1.6531,0.18367,2.6533
1.7755,0.18367,2.1855
1.898,0.18367,1.7182
2.0204,0.18367,1.2925
2.1429,0.18367,0.93189
2.2653,0.18367,0.64501
2.3878,0.18367,0.42912
2.5102,0.18367,0.27469
2.6327,0.18367,0.16933
2.7551,0.18367,0.1006
2.8776,0.18367,0.057639
3,0.18367,0.031864
-3,0.30612,-0.034146
-2.8776,0.30612,-0.060517
-2.7551,0.30612,-0.10371
-2.6327,0.30612,-0.17173
-2.5102,0.30612,-0.27445
-2.3878,0.30612,-0.42292
-2.2653,0.30612,-0.62764
-2.1429,0.30612,-0.89585
-2.0204,0.30612,-1.2279
-1.898,0.30612,-1.6131
-1.7755,0.30612,-2.0263
-1.6531,0.30612,-2.4268
-1.5306,0.30612,-2.7603
-1.4082,0.30612,-2.9658
-1.2857,0.30612,-2.9871
-1.1633,0.30612,-2.7868
-1.0408,0.30612,-2.3601
-0.91837,0.30612,-1.7432
-0.79592,0.30612,-1.0129
-0.67347,0.30612,-0.27582
-0.55102,0.30612,0.3536
-0.42857,0.30612,0.7797
-0.30612,0.30612,0.95078
-0.18367,0.30612,0.87462
-0.061224,0.30612,0.61891
0.061224,0.30612,0.2953
0.18367,0.30612,0.031063
0.30612,0.30612,-0.063759
0.42857,0.30612,0.07596
0.55102,0.30612,0.45552
0.67347,0.30612,1.0219
0.79592,0.30612,1.6803
0.91837,0.30612,2.3192
1.0408,0.30612,2.8373
1.1633,0.30612,3.1637
1.2857,0.30612,3.2685
1.4082,0.30612,3.1621
1.5306,0.30612,2.8853
1.6531,0.30612,2.4962
1.7755,0.30612,2.0553
1.898,0.30612,1.6155
2.0204,0.30612,1.215
2.1429,0.30612,0.87587
2.2653,0.30612,0.60617
2.3878,0.30612,0.40324
2.5102,0.30612,0.25811
2.6327,0.30612,0.15911
2.7551,0.30612,0.094523
2.8776,0.30612,0.054155
3,0.30612,0.029938
-3,0.42857,-0.03141
-2.8776,0.42857,-0.055697
-2.7551,0.42857,-0.095512
-2.6327,0.42857,-0.15825
-2.5102,0.42857,-0.2531
-2.3878,0.42857,-0.39035
-2.2653,0.42857,-0.57987
-2.1429,0.42857,-0.82861
-2.0204,0.42857,-1.1372
-1.898,0.42857,-1.4964
-1.7755,0.42857,-1.8834
-1.6531,0.42857,-2.2612
-1.5306,0.42857,-2.5799
-1.4082,0.42857,-2.7835
-1.2857,0.42857,-2.8195
-1.1633,0.42857,-2.6525
-1.0408,0.42857,-2.2764
-0.91837,0.42857,-1.7223
-0.79592,0.42857,-1.0589
-0.67347,0.42857,-0.3823
-0.55102,0.42857,0.20342
-0.42857,0.42857,0.61044
-0.30612,0.42857,0.79016
-0.18367,0.42857,0.74756
-0.061224,0.42857,0.54189
0.061224,0.42857,0.27252
0.18367,0.42857,0.053408
0.30612,0.42857,-0.0165
0.42857,0.42857,0.12155
0.55102,0.42857,0.47254
0.67347,0.42857,0.98892
0.79592,0.42857,1.5853
0.91837,0.42857,2.1615
1.0408,0.42857,2.6263
1.1633,0.42857,2.9161
1.2857,0.42857,3.0044
1.4082,0.42857,2.901
1.5306,0.42857,2.6436
1.6531,0.42857,2.2848
1.7755,0.42857,1.8799
1.898,0.42857,1.4768
2.0204,0.42857,1.1102
2.1429,0.42857,0.80007
2.2653,0.42857,0.55357
2.3878,0.42857,0.36818
2.5102,0.42857,0.23563
2.6327,0.42857,0.14523
2.7551,0.42857,0.086272
2.8776,0.42857,0.049424
3,0.42857,0.027321
-3,0.55102,-0.027975
-2.8776,0.55102,-0.04962
-2.7551,0.55102,-0.085115
-2.6327,0.55102,-0.14107
-2.5102,0.55102,-0.2257
-2.3878,0.55102,-0.34821
-2.2653,0.55102,-0.51747
-2.1429,0.55102,-0.73975
-2.0204,0.55102,-1.0157
-1.898,0.55102,-1.3371
-1.7755,0.55102,-1.6838
-1.6531,0.55102,-2.0225
-1.5306,0.55102,-2.3087
-1.4082,0.55102,-2.4919
-1.2857,0.55102,-2.5246
-1.1633,0.55102,-2.3742
-1.0408,0.55102,-2.0342
-0.91837,0.55102,-1.5311
-0.79592,0.55102,-0.92541
-0.67347,0.55102,-0.30228
-0.55102,0.55102,0.24508
-0.42857,0.55102,0.63713
-0.30612,0.55102,0.82844
-0.18367,0.55102,0.82067
-0.061224,0.55102,0.66361
0.061224,0.55102,0.44301
0.18367,0.55102,0.25832
0.30612,0.55102,0.19668
0.42857,0.55102,0.31063
0.55102,0.55102,0.60594
0.67347,0.55102,1.0425
0.79592,0.55102,1.5468
0.91837,0.55102,2.0324
1.0408,0.55102,2.4202
1.1633,0.55102,2.6553
1.2857,0.55102,2.715
1.4082,0.55102,2.6083
1.5306,0.55102,2.3685
1.6531,0.55102,2.0419
1.7755,0.55102,1.677
1.898,0.55102,1.3155
2.0204,0.55102,0.9879
2.1429,0.55102,0.71136
2.2653,0.55102,0.49187
2.3878,0.55102,0.32698
2.5102,0.55102,0.20917
2.6327,0.55102,0.12888
2.7551,0.55102,0.076539
2.8776,0.55102,0.043838
3,0.55102,0.024229
-3,0.67347,-0.024111
-2.8776,0.67347,-0.042762
-2.7551,0.67347,-0.073343
-2.6327,0.67347,-0.12154
-2.5102,0.67347,-0.19439
-2.3878,0.67347,-0.29981
-2.2653,0.67347,-0.44531
-2.1429,0.67347,-0.63616
-2.0204,0.67347,-0.87268
-1.898,0.67347,-1.1473
-1.7755,0.67347,-1.4422
-1.6531,0.67347,-1.7278
-1.5306,0.67347,-1.9648
-1.4082,0.67347,-2.1085
-1.2857,0.67347,-2.1169
-1.1633,0.67347,-1.9607
-1.0408,0.67347,-1.6336
-0.91837,0.67347,-1.1582
-0.79592,0.67347,-0.58728
-0.67347,0.67347,0.0040017
-0.55102,0.67347,0.53263
-0.42857,0.67347,0.92645
-0.30612,0.67347,1.1421
-0.18367,0.67347,1.1769
-0.061224,0.67347,1.0699
0.061224,0.67347,0.89233
0.18367,0.67347,0.72877
0.30612,0.67347,0.65475
0.42857,0.67347,0.71759
0.55102,0.67347,0.92556
0.67347,0.67347,1.2481
0.79592,0.67347,1.6262
0.91837,0.67347,1.9891
1.0408,0.67347,2.2719
1.1633,0.67347,2.4293
1.2857,0.67347,2.4429
1.4082,0.67347,2.3207
1.5306,0.67347,2.0909
1.6531,0.67347,1.7924
1.7755,0.67347,1.466
1.898,0.67347,1.1465
2.0204,0.67347,0.85887
2.1429,0.67347,0.61729
2.2653,0.67347,0.4262
2.3878,0.67347,0.28299
2.5102,0.67347,0.18086
2.6327,0.67347,0.11135
2.7551,0.67347,0.066085
2.8776,0.67347,0.03783
3,0.67347,0.020899
-3,0.79592,-0.020087
-2.8776,0.79592,-0.035604
-2.7551,0.79592,-0.061016
-2.6327,0.79592,-0.10101
-2.5102,0.79592,-0.16137
-2.3878,0.79592,-0.2485
-2.2653,0.79592,-0.3684
-2.1429,0.79592,-0.52499
-2.0204,0.79592,-0.71787
-1.898,0.79592,-0.9398
-1.7755,0.79592,-1.1745
-1.6531,0.79592,-1.396
-1.5306,0.79592,-1.5694
-1.4082,0.79592,-1.6556
-1.2857,0.79592,-1.6176
-1.1633,0.79592,-1.4298
-1.0408,0.79592,-1.0863
-0.91837,0.79592,-0.60685
-0.79592,0.79592,-0.037749
-0.67347,0.79592,0.55436
-0.55102,0.79592,1.0947
-0.42857,0.79592,1.5165
-0.30612,0.79592,1.7767
-0.18367,0.79592,1.8663
-0.061224,0.79592,1.8129
0.061224,0.79592,1.6727
0.18367,0.79592,1.5155
0.30612,0.79592,1.4065
0.42857,0.79592,1.3893
0.55102,0.79592,1.4768
0.67347,0.79592,1.6502
0.79592,0.79592,1.8672
0.91837,0.79592,2.0745
1.0408,0.79592,2.2227
1.1633,0.79592,2.2771
1.2857,0.79592,2.2239
1.4082,0.79592,2.07
1.5306,0.79592,1.8379
1.6531,0.79592,1.5588
1.7755,0.79592,1.2648
1.898,0.79592,0.98312
2.0204,0.79592,0.73305
2.1429,0.79592,0.52494
2.2653,0.79592,0.36138
2.3878,0.79592,0.23938
2.5102,0.79592,0.1527
2.6327,0.79592,0.093865
2.7551,0.79592,0.055636
2.8776,0.79592,0.031814
3,0.79592,0.01756
-3,0.91837,-0.016148
-2.8776,0.91837,-0.028578
-2.7551,0.91837,-0.048887
-2.6327,0.91837,-0.080752
-2.5102,0.91837,-0.12866
-2.3878,0.91837,-0.19745
-2.2653,0.91837,-0.29148
-2.1429,0.91837,-0.41313
-2.0204,0.91837,-0.56094
-1.898,0.91837,-0.7275
-1.7755,0.91837,-0.89766
-1.6531,0.91837,-1.0479
-1.5306,0.91837,-1.1472
-1.4082,0.91837,-1.1611
-1.2857,0.91837,-1.0573
-1.1633,0.91837,-0.81331
-1.0408,0.91837,-0.42403
-0.91837,0.91837,0.092801
-0.79592,0.91837,0.6958
-0.67347,0.91837,1.3246
-0.55102,0.91837,1.9104
-0.42857,0.91837,2.3891
-0.30612,0.91837,2.7156
-0.18367,0.91837,2.8732
-0.061224,0.91837,2.8771
0.061224,0.91837,2.7685
0.18367,0.91837,2.6037
0.30612,0.91837,2.4388
0.42857,0.91837,2.3159
0.55102,0.91837,2.2543
0.67347,0.91837,2.249
0.79592,0.91837,2.2755
0.91837,0.91837,2.2996
1.0408,0.91837,2.288
1.1633,0.91837,2.217
1.2857,0.91837,2.0775
1.4082,0.91837,1.8753
1.5306,0.91837,1.6273
1.6531,0.91837,1.3565
1.7755,0.91837,1.0862
1.898,0.91837,0.83567
2.0204,0.91837,0.61812
2.1429,0.91837,0.43982
2.2653,0.91837,0.30124
2.3878,0.91837,0.19872
2.5102,0.91837,0.12633
2.6327,0.91837,0.077441
2.7551,0.91837,0.045795
2.8776,0.91837,0.026136
3,0.91837,0.014402
-3,1.0408,-0.012492
-2.8776,1.0408,-0.022044
-2.7551,1.0408,-0.03758
-2.6327,1.0408,-0.061816
-2.5102,1.0408,-0.097979
-2.3878,1.0408,-0.14941
-2.2653,1.0408,-0.21877
-2.1429,1.0408,-0.30682
-2.0204,1.0408,-0.41084
-1.898,1.0408,-0.52286
-1.7755,1.0408,-0.62824
-1.6531,1.0408,-0.70517
-1.5306,1.0408,-0.72573
-1.4082,1.0408,-0.65905
-1.2857,1.0408,-0.47653
-1.1633,1.0408,-0.1585
-1.0408,1.0408,0.29913
-0.91837,1.0408,0.87997
-0.79592,1.0408,1.546
-0.67347,1.0408,2.241
-0.55102,1.0408,2.8995
-0.42857,1.0408,3.458
-0.30612,1.0408,3.8674
-0.18367,1.0408,4.1022
-0.061224,1.0408,4.1649
0.061224,1.0408,4.0826
0.18367,1.0408,3.8994
0.30612,1.0408,3.6641
0.42857,1.0408,3.4189
0.55102,1.0408,3.1911
0.67347,1.0408,2.9903
0.79592,1.0408,2.8106
0.91837,1.0408,2.6365
1.0408,1.0408,2.4509
1.1633,1.0408,2.241
1.2857,1.0408,2.0024
1.4082,1.0408,1.7398
1.5306,1.0408,1.4646
1.6531,1.0408,1.1919
1.7755,1.0408,0.93636
1.898,1.0408,0.70957
2.0204,1.0408,0.5185
2.1429,1.0408,0.36533
2.2653,1.0408,0.24822
2.3878,1.0408,0.16268
2.5102,1.0408,0.10286
2.6327,1.0408,0.062769
2.7551,1.0408,0.036978
2.8776,1.0408,0.021037
3,1.0408,0.011561
-3,1.1633,-0.0092626
-2.8776,1.1633,-0.016264
-2.7551,1.1633,-0.02756
-2.6327,1.1633,-0.044999
-2.5102,1.1633,-0.070671
-2.3878,1.1633,-0.10652
-2.2653,1.1633,-0.15364
-2.1429,1.1633,-0.21122
-2.0204,1.1633,-0.27523
-1.898,1.1633,-0.33694
-1.7755,1.1633,-0.38181
-1.6531,1.1633,-0.38917
-1.5306,1.1633,-0.33327
-1.4082,1.1633,-0.18608
-1.2857,1.1633,0.078022
-1.1633,1.1633,0.47642
-1.0408,1.1633,1.0122
-0.91837,1.1633,1.6698
-0.79592,1.1633,2.4133
-0.67347,1.1633,3.189
-0.55102,1.1633,3.9332
-0.42857,1.1633,4.581
-0.30612,1.1633,5.0786
-0.18367,1.1633,5.3916
-0.061224,1.1633,5.5103
0.061224,1.1633,5.4494
0.18367,1.1633,5.2423
0.30612,1.1633,4.932
0.42857,1.1633,4.5622
0.55102,1.1633,4.1683
0.67347,1.1633,3.7743
0.79592,1.1633,3.3918
0.91837,1.1633,3.0231
1.0408,1.1633,2.6659
1.1633,1.1633,2.3176
1.2857,1.1633,1.9782
1.4082,1.1633,1.6513
1.5306,1.1633,1.3435
1.6531,1.1633,1.0625
1.7755,1.1633,0.81506
1.898,1.1633,0.60558
2.0204,1.1633,0.43534
2.1429,1.1633,0.30261
2.2653,1.1633,0.20331
2.3878,1.1633,0.13199
2.5102,1.1633,0.082805
2.6327,1.1633,0.050196
2.7551,1.1633,0.029406
2.8776,1.1633,0.016649
3,1.1633,0.0091123
-3,1.2857,-0.0065448
-2.8776,1.2857,-0.011396
-2.7551,1.2857,-0.019114
-2.6327,1.2857,-0.03081
-2.5102,1.2857,-0.047605
-2.3878,1.2857,-0.070243
-2.2653,1.2857,-0.098468
-2.1429,1.2857,-0.13011
-2.0204,1.2857,-0.15992
-1.898,1.2857,-0.17847
-1.7755,1.2857,-0.17115
-1.6531,1.2857,-0.11811
-1.5306,1.2857,0.0047387
-1.4082,1.2857,0.22316
-1.2857,1.2857,0.56041
-1.1633,1.2857,1.032
-1.0408,1.2857,1.6401
-0.91837,1.2857,2.3696
-0.79592,1.2857,3.186
-0.67347,1.2857,4.0376
-0.55102,1.2857,4.8611
-0.42857,1.2857,5.5906
-0.30612,1.2857,6.1674
-0.18367,1.2857,6.5493
-0.061224,1.2857,6.7162
0.061224,1.2857,6.6722
0.18367,1.2857,6.4418
0.30612,1.2857,6.0638
0.42857,1.2857,5.583
0.55102,1.2857,5.0426
0.67347,1.2857,4.4789
0.79592,1.2857,3.9186
0.91837,1.2857,3.3793
1.0408,1.2857,2.8717
1.1633,1.2857,2.4015
1.2857,1.2857,1.9727
1.4082,1.2857,1.588
1.5306,1.2857,1.2497
1.6531,1.2857,0.95938
1.7755,1.2857,0.71699
1.898,1.2857,0.52078
2.0204,1.2857,0.36716
2.1429,1.2857,0.25099
2.2653,1.2857,0.16623
2.3878,1.2857,0.10662
2.5102,1.2857,0.066191
2.6327,1.2857,0.039767
2.7551,1.2857,0.023118
2.8776,1.2857,0.013003
3,1.2857,0.007076
-3,1.4082,-0.004367
-2.8776,1.4082,-0.0074978
-2.7551,1.4082,-0.012354
-2.6327,1.4082,-0.019464
-2.5102,1.4082,-0.029176
-2.3878,1.4082,-0.041295
-2.2653,1.4082,-0.054505
-2.1429,1.4082,-0.06557
-2.0204,1.4082,-0.068375
-1.898,1.4082,-0.052953
-1.7755,1.4082,-0.0048067
-1.6531,1.4082,0.095128
-1.5306,1.4082,0.26945
-1.4082,1.4082,0.54194
-1.2857,1.4082,0.93378
-1.1633,1.4082,1.4588
-1.0408,1.4082,2.1186
-0.91837,1.4082,2.8983
-0.79592,1.4082,3.765
-0.67347,1.4082,4.6685
-0.55102,1.4082,5.547
-0.42857,1.4082,6.3338
-0.30612,1.4082,6.9671
-0.18367,1.4082,7.3989
-0.061224,1.4082,7.6016
0.061224,1.4082,7.5705
0.18367,1.4082,7.3235
0.30612,1.4082,6.8954
0.42857,1.4082,6.3319
0.55102,1.4082,5.6816
0.67347,1.4082,4.9902
0.79592,1.4082,4.296
0.91837,1.4082,3.6284
1.0408,1.4082,3.0077
1.1633,1.4082,2.4466
1.2857,1.4082,1.9517
1.4082,1.4082,1.5252
1.5306,1.4082,1.1661
1.6531,1.4082,0.87095
1.7755,1.4082,0.63455
1.898,1.4082,0.45034
2.0204,1.4082,0.31095
2.1429,1.4082,0.20866
2.2653,1.4082,0.13596
2.3878,1.4082,0.085952
2.5102,1.4082,0.052692
2.6327,1.4082,0.031309
2.7551,1.4082,0.018026
2.8776,1.4082,0.010053
3,1.4082,0.0054304
-3,1.5306,-0.0027104
-2.8776,1.5306,-0.0045397
-2.7551,1.5306,-0.0072401
-2.6327,1.5306,-0.010911
-2.5102,1.5306,-0.015343
-2.3878,1.5306,-0.019675
-2.2653,1.5306,-0.021868
-2.1429,1.5306,-0.01801
-2.0204,1.5306,-0.0015022
-1.898,1.5306,0.037739
-1.7755,1.5306,0.1138
-1.6531,1.5306,0.24471
-1.5306,1.5306,0.45145
-1.4082,1.5306,0.7558
-1.2857,1.5306,1.177
-1.1633,1.5306,1.7272
-1.0408,1.5306,2.4076
-0.91837,1.5306,3.2039
-0.79592,1.5306,4.0849
-0.67347,1.5306,5.0032
-0.55102,1.5306,5.8989
-0.42857,1.5306,6.7068
-0.30612,1.5306,7.3645
-0.18367,1.5306,7.8209
-0.061224,1.5306,8.0436
0.061224,1.5306,8.0223
0.18367,1.5306,7.7692
0.30612,1.5306,7.316
0.42857,1.5306,6.7075
0.55102,1.5306,5.9951
0.67347,1.5306,5.23
0.79592,1.5306,4.4578
0.91837,1.5306,3.7155
1.0408,1.5306,3.0299
1.1633,1.5306,2.4181
1.2857,1.5306,1.8886
1.4082,1.5306,1.443
1.5306,1.5306,1.0779
1.6531,1.5306,0.78666
1.7755,1.5306,0.56035
1.898,1.5306,0.38922
2.0204,1.5306,0.26337
2.1429,1.5306,0.17346
2.2653,1.5306,0.11111
2.3878,1.5306,0.069159
2.5102,1.5306,0.041808
2.6327,1.5306,0.024532
2.7551,1.5306,0.013966
2.8776,1.5306,0.007711
3,1.5306,0.004128
-3,1.6531,-0.0015203
-2.8776,1.6531,-0.0024269
-2.7551,1.6531,-0.0036123
-2.6327,1.6531,-0.0048917
-2.5102,1.6531,-0.0057021
-2.3878,1.6531,-0.0047814
-2.2653,1.6531,0.00029604
-2.1429,1.6531,0.013723
-2.0204,1.6531,0.042145
-1.898,1.6531,0.095309
-1.7755,1.6531,0.18646
-1.6531,1.6531,0.33221
-1.5306,1.6531,0.55163
-1.4082,1.6531,0.8643
-1.2857,1.6531,1.2873
-1.1633,1.6531,1.8315
-1.0408,1.6531,2.4974
-0.91837,1.6531,3.2719
-0.79592,1.6531,4.1261
-0.67347,1.6531,5.0162
-0.55102,1.6531,5.8864
-0.42857,1.6531,6.6748
-0.30612,1.6531,7.3212
-0.18367,1.6531,7.7747
-0.061224,1.6531,8.0012
0.061224,1.6531,7.9869
0.18367,1.6531,7.7403
0.30612,1.6531,7.2891
0.42857,1.6531,6.6763
0.55102,1.6531,5.9527
0.67347,1.6531,5.1711
0.79592,1.6531,4.3799
0.91837,1.6531,3.6195
1.0408,1.6531,2.9199
1.1633,1.6531,2.3003
1.2857,1.6531,1.7699
1.4082,1.6531,1.3302
1.5306,1.6531,0.97629
1.6531,1.6531,0.69951
1.7755,1.6531,0.48907
1.898,1.6531,0.33347
2.0204,1.6531,0.22161
2.1429,1.6531,0.14345
2.2653,1.6531,0.090381
2.3878,1.6531,0.055398
2.5102,1.6531,0.033012
2.6327,1.6531,0.019116
2.7551,1.6531,0.010752
2.8776,1.6531,0.0058711
3,1.6531,0.0031115
-3,1.7755,-0.00072019
-2.8776,1.7755,-0.0010219
-2.7551,1.7755,-0.0012318
-2.6327,1.7755,-0.0010052
-2.5102,1.7755,0.00040088
-2.3878,1.7755,0.0044153
-2.2653,1.7755,0.013557
-2.1429,1.7755,0.031946
-2.0204,1.7755,0.065874
-1.898,1.7755,0.12433
-1.7755,1.7755,0.21928
-1.6531,1.7755,0.36555
-1.5306,1.7755,0.57996
-1.4082,1.7755,0.87965
-1.2857,1.7755,1.2795
-1.1633,1.7755,1.7887
-1.0408,1.7755,2.4077
-0.91837,1.7755,3.1246
-0.79592,1.7755,3.9136
-0.67347,1.7755,4.7356
-0.55102,1.7755,5.5403
-0.42857,1.7755,6.2716
-0.30612,1.7755,6.874
-0.18367,1.7755,7.2997
-0.061224,1.7755,7.5153
0.061224,1.7755,7.506
0.18367,1.7755,7.2773
0.30612,1.7755,6.8534
0.42857,1.7755,6.2732
0.55102,1.7755,5.5845
0.67347,1.7755,4.838
0.79592,1.7755,4.081
0.91837,1.7755,3.3536
1.0408,1.7755,2.6859
1.1633,1.7755,2.0972
1.2857,1.7755,1.597
1.4082,1.7755,1.1861
1.5306,1.7755,0.85926
1.6531,1.7755,0.60709
1.7755,1.7755,0.41826
1.898,1.7755,0.28091
2.0204,1.7755,0.18386
2.1429,1.7755,0.11723
2.2653,1.7755,0.072778
2.3878,1.7755,0.043975
2.5102,1.7755,0.025849
2.6327,1.7755,0.014776
2.7551,1.7755,0.0082098
2.8776,1.7755,0.0044323
3,1.7755,0.0023242
-3,1.898,-0.00022472
-2.8776,1.898,-0.00016988
-2.7551,1.898,0.00017492
-2.6327,1.898,0.0012169
-2.5102,1.898,0.0037436
-2.3878,1.898,0.0091702
-2.2653,1.898,0.01988
-2.1429,1.898,0.039649
-2.0204,1.898,0.074106
-1.898,1.898,0.13115
-1.7755,1.898,0.22117
-1.6531,1.898,0.35689
-1.5306,1.898,0.55264
-1.4082,1.898,0.82294
-1.2857,1.898,1.1803
-1.1633,1.898,1.6325
-1.0408,1.898,2.1797
-0.91837,1.898,2.8115
-0.79592,1.898,3.506
-0.67347,1.898,4.2294
-0.55102,1.898,4.9383
-0.42857,1.898,5.5838
-0.30612,1.898,6.1171
-0.18367,1.898,6.4958
-0.061224,1.898,6.6894
0.061224,1.898,6.6835
0.18367,1.898,6.4817
0.30612,1.898,6.1042
0.42857,1.898,5.5851
0.55102,1.898,4.9668
0.67347,1.898,4.295
0.79592,1.898,3.6131
0.91837,1.898,2.9579
1.0408,1.898,2.3573
1.1633,1.898,1.8295
1.2857,1.898,1.383
1.4082,1.898,1.0185
1.5306,1.898,0.73087
1.6531,1.898,0.51101
1.7755,1.898,0.34812
1.898,1.898,0.23105
2.0204,1.898,0.14938
2.1429,1.898,0.094053
2.2653,1.898,0.057658
2.3878,1.898,0.034405
2.5102,1.898,0.019977
2.6327,1.898,0.011283
2.7551,1.898,0.0061973
2.8776,1.898,0.0033091
3,1.898,0.0017171
-3,2.0204,4.8939e-05
-2.8776,2.0204,0.00028104
-2.7551,2.0204,0.00087801
-2.6327,2.0204,0.0022421
-2.5102,2.0204,0.005112
-2.3878,2.0204,0.010768
-2.2653,2.0204,0.021306
-2.1429,2.0204,0.039984
-2.0204,2.0204,0.071581
-1.898,2.0204,0.12272
-1.7755,2.0204,0.20204
-1.6531,2.0204,0.32004
-1.5306,2.0204,0.48847
-1.4082,2.0204,0.71919
-1.2857,2.0204,1.0224
-1.1633,2.0204,1.4044
-1.0408,2.0204,1.8651
-0.91837,2.0204,2.396
-0.79592,2.0204,2.9791
-0.67347,2.0204,3.5864
-0.55102,2.0204,4.1818
-0.42857,2.0204,4.7248
-0.30612,2.0204,5.1744
-0.18367,2.0204,5.4946
-0.061224,2.0204,5.6593
0.061224,2.0204,5.6557
0.18367,2.0204,5.4859
0.30612,2.0204,5.1665
0.42857,2.0204,4.7257
0.55102,2.0204,4.1996
0.67347,2.0204,3.6271
0.79592,2.0204,3.0455
0.91837,2.0204,2.4868
1.0408,2.0204,1.9751
1.1633,2.0204,1.5264
1.2857,2.0204,1.1479
1.4082,2.0204,0.84032
1.5306,2.0204,0.59883
1.6531,2.0204,0.41546
1.7755,2.0204,0.28064
1.898,2.0204,0.18457
2.0204,2.0204,0.11818
2.1429,2.0204,0.073664
2.2653,2.0204,0.044692
2.3878,2.0204,0.026388
2.5102,2.0204,0.015161
2.6327,2.0204,0.0084731
2.7551,2.0204,0.0046058
2.8776,2.0204,0.0024344
3,2.0204,0.0012509
-3,2.1429,0.00017333
-2.8776,2.1429,0.00046443
-2.7551,2.1429,0.0011166
-2.6327,2.1429,0.0024865
-2.5102,2.1429,0.0052101
-2.3878,2.1429,0.010365
-2.2653,2.1429,0.019688
-2.1429,2.1429,0.035838
-2.0204,2.1429,0.062678
-1.898,2.1429,0.10552
-1.7755,2.1429,0.17123
-1.6531,2.1429,0.26812
-1.5306,2.1429,0.40547
-1.4082,2.1429,0.59259
-1.2857,2.1429,0.83747
-1.1633,2.1429,1.145
-1.0408,2.1429,1.5151
-0.91837,2.1429,1.9412
-0.79592,2.1429,2.4086
-0.67347,2.1429,2.8955
-0.55102,2.1429,3.3731
-0.42857,2.1429,3.809
-0.30612,2.1429,4.1704
-0.18367,2.1429,4.4284
-0.061224,2.1429,4.5617
0.061224,2.1429,4.5595
0.18367,2.1429,4.4232
0.30612,2.1429,4.1657
0.42857,2.1429,3.8096
0.55102,2.1429,3.3838
0.67347,2.1429,2.92
0.79592,2.1429,2.4486
0.91837,2.1429,1.9957
1.0408,2.1429,1.5813
1.1633,2.1429,1.2183
1.2857,2.1429,0.91291
1.4082,2.1429,0.66537
1.5306,2.1429,0.47178
1.6531,2.1429,0.32545
1.7755,2.1429,0.21845
1.898,2.1429,0.14267
2.0204,2.1429,0.090672
2.1429,2.1429,0.05607
2.2653,2.1429,0.033736
2.3878,2.1429,0.019749
2.5102,2.1429,0.011246
2.6327,2.1429,0.0062294
2.7551,2.1429,0.0033559
2.8776,2.1429,0.0017579
3,2.1429,0.00089533
-3,2.2653,0.00020649
-2.8776,2.2653,0.0004873
-2.7551,2.2653,0.0010826
-2.6327,2.2653,0.0022844
-2.5102,2.2653,0.0046043
-2.3878,2.2653,0.0088971
-2.2653,2.2653,0.016524
-2.1429,2.2653,0.02955
-2.0204,2.2653,0.050954
-1.898,2.2653,0.084803
-1.7755,2.2653,0.13634
-1.6531,2.2653,0.21188
-1.5306,2.2653,0.31844
-1.4082,2.2653,0.46307
-1.2857,2.2653,0.65179
-1.1633,2.2653,0.88828
-1.0408,2.2653,1.1725
-0.91837,2.2653,1.4992
-0.79592,2.2653,1.8576
-0.67347,2.2653,2.2308
-0.55102,2.2653,2.597
-0.42857,2.2653,2.9315
-0.30612,2.2653,3.2092
-0.18367,2.2653,3.4077
-0.061224,2.2653,3.5105
0.061224,2.2653,3.5093
0.18367,2.2653,3.4047
0.30612,2.2653,3.2064
0.42857,2.2653,2.9319
0.55102,2.2653,2.6033
0.67347,2.2653,2.2451
0.79592,2.2653,1.8809
0.91837,2.2653,1.531
1.0408,2.2653,1.2111
1.1633,2.2653,0.93105
1.2857,2.2653,0.69579
1.4082,2.2653,0.50551
1.5306,2.2653,0.3571
1.6531,2.2653,0.2453
1.7755,2.2653,0.16387
1.898,2.2653,0.10647
2.0204,2.2653,0.067274
2.1429,2.2653,0.041345
2.2653,2.2653,0.024714
2.3878,2.2653,0.014367
2.5102,2.2653,0.008123
2.6327,2.2653,0.0044662
2.7551,2.2653,0.0023879
2.8776,2.2653,0.0012413
3,2.2653,0.00062735
-3,2.3878,0.00019085
-2.8776,2.3878,0.00042774
-2.7551,2.3878,0.0009155
-2.6327,2.3878,0.0018785
-2.5102,2.3878,0.0037052
-2.3878,2.3878,0.0070379
-2.2653,2.3878,0.012892
-2.1429,2.3878,0.022797
-2.0204,2.3878,0.038948
-1.898,2.3878,0.06433
-1.7755,2.3878,0.10278
-1.6531,2.3878,0.15889
-1.5306,2.3878,0.23778
-1.4082,2.3878,0.34456
-1.2857,2.3878,0.4836
-1.1633,2.3878,0.65755
-1.0408,2.3878,0.86635
-0.91837,2.3878,1.1063
-0.79592,2.3878,1.3693
-0.67347,2.3878,1.6432
-0.55102,2.3878,1.912
-0.42857,2.3878,2.1577
-0.30612,2.3878,2.3618
-0.18367,2.3878,2.5078
-0.061224,2.3878,2.5837
0.061224,2.3878,2.583
0.18367,2.3878,2.5062
0.30612,2.3878,2.3603
0.42857,2.3878,2.1579
0.55102,2.3878,1.9156
0.67347,2.3878,1.6513
0.79592,2.3878,1.3825
0.91837,2.3878,1.1243
1.0408,2.3878,0.8882
1.1633,2.3878,0.68175
1.2857,2.3878,0.50849
1.4082,2.3878,0.36857
1.5306,2.3878,0.25965
1.6531,2.3878,0.1778
1.7755,2.3878,0.11835
1.898,2.3878,0.076585
2.0204,2.3878,0.048181
2.1429,2.3878,0.029469
2.2653,2.3878,0.017525
2.3878,2.3878,0.010132
2.5102,2.3878,0.0056957
2.6327,2.3878,0.0031128
2.7551,2.3878,0.0016539
2.8776,2.3878,0.00085428
3,2.3878,0.00042893
-3,2.5102,0.00015467
-2.8776,2.5102,0.0003373
-2.7551,2.5102,0.00070686
-2.6327,2.5102,0.0014264
-2.5102,2.5102,0.0027757
-2.3878,2.5102,0.0052147
-2.2653,2.5102,0.0094658
-2.1429,2.5102,0.016613
-2.0204,2.5102,0.028204
-1.898,2.5102,0.046339
-1.7755,2.5102,0.073707
-1.6531,2.5102,0.11353
-1.5306,2.5102,0.16938
-1.4082,2.5102,0.24482
-1.2857,2.5102,0.3429
-1.1633,2.5102,0.46547
-1.0408,2.5102,0.61247
-0.91837,2.5102,0.78129
-0.79592,2.5102,0.96632
-0.67347,2.5102,1.159
-0.55102,2.5102,1.3481
-0.42857,2.5102,1.5211
-0.30612,2.5102,1.6648
-0.18367,2.5102,1.7677
-0.061224,2.5102,1.8212
0.061224,2.5102,1.8209
0.18367,2.5102,1.7668
0.30612,2.5102,1.6639
0.42857,2.5102,1.5212
0.55102,2.5102,1.3501
0.67347,2.5102,1.1635
0.79592,2.5102,0.97358
0.91837,2.5102,0.79118
1.0408,2.5102,0.62447
1.1633,2.5102,0.47876
1.2857,2.5102,0.35657
1.4082,2.5102,0.25801
1.5306,2.5102,0.18139
1.6531,2.5102,0.12391
1.7755,2.5102,0.082258
1.898,2.5102,0.053068
2.0204,2.5102,0.033273
2.1429,2.5102,0.020276
2.2653,2.5102,0.012009
2.3878,2.5102,0.0069135
2.5102,2.5102,0.0038685
2.6327,2.5102,0.002104
2.7551,2.5102,0.0011122
2.8776,2.5102,0.00057146
3,2.5102,0.00028537
-3,2.6327,0.00011471
-2.8776,2.6327,0.00024606
-2.7551,2.6327,0.00050885
-2.6327,2.6327,0.0010157
-2.5102,2.6327,0.001959
-2.3878,2.6327,0.003653
-2.2653,2.6327,0.0065895
-2.1429,2.6327,0.011504
-2.0204,2.6327,0.019443
-1.898,2.6327,0.031825
-1.7755,2.6327,0.05046
-1.6531,2.6327,0.077514
-1.5306,2.6327,0.11539
-1.4082,2.6327,0.16647
-1.2857,2.6327,0.23281
-1.1633,2.6327,0.31564
-1.0408,2.6327,0.41492
-0.91837,2.6327,0.52888
-0.79592,2.6327,0.65377
-0.67347,2.6327,0.78381
-0.55102,2.6327,0.91149
-0.42857,2.6327,1.0282
-0.30612,2.6327,1.1253
-0.18367,2.6327,1.1949
-0.061224,2.6327,1.2311
0.061224,2.6327,1.2309
0.18367,2.6327,1.1944
0.30612,2.6327,1.1249
0.42857,2.6327,1.0283
0.55102,2.6327,0.91254
0.67347,2.6327,0.78619
0.79592,2.6327,0.65764
0.91837,2.6327,0.53416
1.0408,2.6327,0.42131
1.1633,2.6327,0.32272
1.2857,2.6327,0.2401
1.4082,2.6327,0.1735
1.5306,2.6327,0.12179
1.6531,2.6327,0.083046
1.7755,2.6327,0.055016
1.898,2.6327,0.03541
2.0204,2.6327,0.022144
2.1429,2.6327,0.013455
2.2653,2.6327,0.0079445
2.3878,2.6327,0.004558
2.5102,2.6327,0.0025412
2.6327,2.6327,0.0013767
2.7551,2.6327,0.00072481
2.8776,2.6327,0.00037081
3,2.6327,0.00018434
-3,2.7551,7.9428e-05
-2.8776,2.7551,0.00016854
-2.7551,2.7551,0.00034544
-2.6327,2.7551,0.00068446
-2.5102,2.7551,0.0013119
-2.3878,2.7551,0.0024334
-2.2653,2.7551,0.0043698
-2.1429,2.7551,0.0075998
-2.0204,2.7551,0.012803
-1.898,2.7551,0.020899
-1.7755,2.7551,0.033057
-1.6531,2.7551,0.05068
-1.5306,2.7551,0.075317
-1.4082,2.7551,0.10851
-1.2857,2.7551,0.15158
-1.1633,2.7551,0.20532
-1.0408,2.7551,0.2697
-0.91837,2.7551,0.34358
-0.79592,2.7551,0.42453
-0.67347,2.7551,0.50882
-0.55102,2.7551,0.59159
-0.42857,2.7551,0.66729
-0.30612,2.7551,0.73025
-0.18367,2.7551,0.7754
-0.061224,2.7551,0.79893
0.061224,2.7551,0.79882
0.18367,2.7551,0.77514
0.30612,2.7551,0.73002
0.42857,2.7551,0.66732
0.55102,2.7551,0.59214
0.67347,2.7551,0.51006
0.79592,2.7551,0.42654
0.91837,2.7551,0.34631
1.0408,2.7551,0.27301
1.1633,2.7551,0.20898
1.2857,2.7551,0.15535
1.4082,2.7551,0.11214
1.5306,2.7551,0.078626
1.6531,2.7551,0.053541
1.7755,2.7551,0.035413
1.898,2.7551,0.022752
2.0204,2.7551,0.014199
2.1429,2.7551,0.0086088
2.2653,2.7551,0.0050704
2.3878,2.7551,0.0029013
2.5102,2.7551,0.0016129
2.6327,2.7551,0.0008711
2.7551,2.7551,0.00045709
2.8776,2.7551,0.00023303
3,2.7551,0.00011543
-3,2.8776,5.1909e-05
-2.8776,2.8776,0.00010933
-2.7551,2.8776,0.00022268
-2.6327,2.8776,0.00043889
-2.5102,2.8776,0.00083742
-2.3878,2.8776,0.0015474
-2.2653,2.8776,0.0027697
-2.1429,2.8776,0.0048032
-2.0204,2.8776,0.0080724
-1.898,2.8776,0.013149
-1.7755,2.8776,0.020763
-1.6531,2.8776,0.031784
-1.5306,2.8776,0.047175
-1.4082,2.8776,0.067895
-1.2857,2.8776,0.09476
-1.1633,2.8776,0.12826
-1.0408,2.8776,0.16839
-0.91837,2.8776,0.21442
-0.79592,2.8776,0.26486
-0.67347,2.8776,0.31737
-0.55102,2.8776,0.36894
-0.42857,2.8776,0.41611
-0.30612,2.8776,0.45536
-0.18367,2.8776,0.48351
-0.061224,2.8776,0.49819
0.061224,2.8776,0.49814
0.18367,2.8776,0.48338
0.30612,2.8776,0.45524
0.42857,2.8776,0.41613
0.55102,2.8776,0.36922
0.67347,2.8776,0.31799
0.79592,2.8776,0.26586
0.91837,2.8776,0.21579
1.0408,2.8776,0.17005
1.1633,2.8776,0.1301
1.2857,2.8776,0.09665
1.4082,2.8776,0.069718
1.5306,2.8776,0.048835
1.6531,2.8776,0.033219
1.7755,2.8776,0.021945
1.898,2.8776,0.014079
2.0204,2.8776,0.008773
2.1429,2.8776,0.0053095
2.2653,2.8776,0.0031212
2.3878,2.8776,0.0017822
2.5102,2.8776,0.00098844
2.6327,2.8776,0.00053253
2.7551,2.8776,0.0002787
2.8776,2.8776,0.00014169
3,2.8776,6.9971e-05
-3,3,3.2235e-05
-2.8776,3,6.7526e-05
-2.7551,3,0.00013692
-2.6327,3,0.00026881
-2.5102,3,0.0005112
-2.3878,3,0.00094188
-2.2653,3,0.0016817
-2.1429,3,0.0029103
-2.0204,3,0.0048821
-1.898,3,0.00794
-1.7755,3,0.01252
-1.6531,3,0.019145
-1.5306,3,0.028388
-1.4082,3,0.040823
-1.2857,3,0.056938
-1.1633,3,0.077028
-1.0408,3,0.10108
-0.91837,3,0.12867
-0.79592,3,0.1589
-0.67347,3,0.19037
-0.55102,3,0.22127
-0.42857,3,0.24955
-0.30612,3,0.27307
-0.18367,3,0.28995
-0.061224,3,0.29876
0.061224,3,0.29874
0.18367,3,0.28989
0.30612,3,0.27302
0.42857,3,0.24955
0.55102,3,0.22141
0.67347,3,0.19067
0.79592,3,0.15939
0.91837,3,0.12934
1.0408,3,0.10189
1.1633,3,0.077923
1.2857,3,0.057858
1.4082,3,0.041711
1.5306,3,0.029196
1.6531,3,0.019843
1.7755,3,0.013096
1.898,3,0.0083928
2.0204,3,0.0052233
2.1429,3,0.0031568
2.2653,3,0.0018529
2.3878,3,0.0010562
2.5102,3,0.00058473
2.6327,3,0.00031441
2.7551,3,0.00016419
2.8776,3,8.3283e-05
3,3,4.103e-05
